Clones,Values
WT,3.94973
WT,11.82081
WT,5.643514
WT,4.653725
WT,6.242703
WT,5.345946
E788,12.66622
E788,12.59649
E788,11.65162
E788,10.57297
E788,9.825098
